Direction,Closed PnL
Auto-Deleveraging,7184.80700325
Buy,0.0
Close Long,74.42642235808783
Close Short,103.0128038368367
Liquidated Isolated Short,-12752.91304
Long > Short,34.9364738245614
Open Long,0.0
Open Short,0.0
Sell,146.05308087795197
Settlement,-29.215368
Short > Long,154.19041505714281
Spot Dust Conversion,0.0
