Side,Closed PnL
BUY,36.10472954372128
SELL,60.71380324168878
